epoch,acc,loss,val_acc,val_loss
0,0.9283854166666666,0.18642664343739548,0.8177083333333334,0.7739992688099543
1,0.9375,0.18172281538136303,0.7552083333333334,1.0841796696186066
